{"name":"bef4fe93-f7e9-47b2-9dbb-8d760dc9d1d8","type":"action-button","col":6,"row":0,"colspan":2,"rowspan":1,"bounds":{"x":16.666666666666664,"y":0,"width":5.555555555555555,"height":2.9411764705882355}}
{"name":"425b099d-da2f-4d4e-aeda-7178b5095e5a","type":"action-button","col":4,"row":0,"colspan":2,"rowspan":1,"bounds":{"x":11.11111111111111,"y":0,"width":5.555555555555555,"height":2.9411764705882355}}
{"name":"da16b2ca-73b7-4f6d-bb1e-aceb02a688a3","type":"action-button","col":9,"row":4,"colspan":7,"rowspan":1,"bounds":{"y":11.76470588235294,"x":25,"width":19.444444444444446,"height":2.941176470588235}}
{"name":"eEmMef","type":"action-button","col":16,"row":4,"colspan":7,"rowspan":1,"bounds":{"y":11.76470588235294,"x":44.44444444444444,"width":19.444444444444446,"height":2.941176470588235}}
{"name":"b4017036-3ab3-4f4c-9113-f7bf085847f9","type":"kpi","col":17,"row":1,"colspan":6,"rowspan":2,"bounds":{"x":47.22222222222222,"y":2.9411764705882355,"width":16.666666666666664,"height":5.882352941176471}}
{"name":"ngxmdP","type":"kpi","col":5,"row":1,"colspan":6,"rowspan":2,"bounds":{"x":13.88888888888889,"y":2.9411764705882355,"width":16.666666666666664,"height":5.882352941176471}}
{"name":"130f40d6-9f04-4b47-9ba7-9482c75baea9","type":"kpi","col":11,"row":1,"colspan":6,"rowspan":2,"bounds":{"x":30.555555555555557,"y":2.9411764705882355,"width":16.666666666666664,"height":5.882352941176471}}
{"name":"2d59fa25-b667-4aab-9f54-e07eed345780","type":"action-button","col":26,"row":3,"colspan":3,"rowspan":1,"bounds":{"x":72.22222222222221,"y":8.823529411764707,"width":8.333333333333332,"height":2.9411764705882355}}
{"name":"856be403-e441-4f8f-8503-b6a6b73834bb","type":"action-button","col":29,"row":3,"colspan":3,"rowspan":1,"bounds":{"x":80.55555555555556,"y":8.823529411764707,"width":8.333333333333332,"height":2.9411764705882355}}
{"name":"e46e1e95-703a-4ea6-9be7-72277eb463a1","type":"action-button","col":32,"row":3,"colspan":3,"rowspan":1,"bounds":{"x":88.88888888888889,"y":8.823529411764707,"width":8.333333333333332,"height":2.9411764705882355}}
{"name":"1a64786a-049c-4fac-8dce-3789e86a58f3","type":"qlik-date-picker","col":5,"row":3,"colspan":4,"rowspan":1,"bounds":{"x":13.88888888888889,"y":8.823529411764708,"width":11.11111111111111,"height":2.9411764705882355}}
{"name":"44fbd6df-fe88-444e-adff-a5d9146f3982","type":"action-button","col":0,"row":14,"colspan":4,"rowspan":1,"bounds":{"y":41.17647058823529,"x":0,"width":11.11111111111111,"height":2.941176470588235}}
{"name":"e9aa4464-4af7-4b5b-9638-678d61a83620","type":"action-button","col":4,"row":14,"colspan":4,"rowspan":1,"bounds":{"y":41.17647058823529,"x":11.11111111111111,"width":11.11111111111111,"height":2.941176470588235}}
{"name":"0cfc8ab3-81a7-4d8d-a16a-019657eda7fd","type":"action-button","col":12,"row":14,"colspan":4,"rowspan":1,"bounds":{"y":41.17647058823529,"x":33.33333333333333,"width":11.11111111111111,"height":2.941176470588235}}
{"name":"4a386c7d-be9e-4007-b480-386954344fe4","type":"action-button","col":16,"row":14,"colspan":4,"rowspan":1,"bounds":{"y":41.17647058823529,"x":44.44444444444444,"width":11.11111111111111,"height":2.941176470588235}}
{"name":"391c3dfe-fcf1-4ac1-9d31-e6de1ed54c6f","type":"action-button","col":20,"row":14,"colspan":4,"rowspan":1,"bounds":{"y":41.17647058823529,"x":55.55555555555556,"width":11.11111111111111,"height":2.941176470588235}}
{"name":"153f180a-6ba6-4367-8763-52af4e226d57","type":"action-button","col":24,"row":14,"colspan":4,"rowspan":1,"bounds":{"y":41.17647058823529,"x":66.66666666666666,"width":11.11111111111111,"height":2.941176470588235}}
{"name":"032d3bb6-6c4f-468b-8cd0-92c68314fe15","type":"container","col":1,"row":15,"colspan":20,"rowspan":7,"bounds":{"x":2.7777777777777777,"y":44.11764705882353,"width":55.55555555555556,"height":20.58823529411765}}
{"name":"6ebf769d-d8ef-4006-8763-c60253c0b5ce","type":"map","col":21,"row":15,"colspan":15,"rowspan":7,"bounds":{"x":58.333333333333336,"y":44.11764705882353,"width":41.66666666666667,"height":20.58823529411765}}
{"name":"9a06982d-034c-4fe9-b1fb-02901450e759","type":"filterpane","col":9,"row":3,"colspan":4,"rowspan":1,"bounds":{"x":25,"y":8.823529411764707,"width":11.11111111111111,"height":2.9411764705882355}}
{"name":"9dc33d41-7d4c-4a8d-a5db-49062795a740","type":"filterpane","col":13,"row":3,"colspan":4,"rowspan":1,"bounds":{"x":36.11111111111111,"y":8.823529411764707,"width":11.11111111111111,"height":2.9411764705882355}}
{"name":"3c1f7e5b-f1ff-43ee-99a4-55a310711e23","type":"action-button","col":23,"row":3,"colspan":3,"rowspan":1,"bounds":{"x":63.888888888888886,"y":8.823529411764707,"width":8.333333333333332,"height":2.9411764705882355}}
{"name":"dc8dfb8b-c70b-469f-ad13-95d8c7f6b313","type":"action-button","col":30,"row":0,"colspan":2,"rowspan":1,"bounds":{"y":0,"x":83.33333333333334,"width":5.555555555555555,"height":2.941176470588235}}
{"name":"273c45e6-5c47-4b7c-948b-9d940bb93cd4","type":"action-button","col":34,"row":0,"colspan":2,"rowspan":1,"bounds":{"y":0,"x":94.44444444444444,"width":5.555555555555555,"height":2.941176470588235}}
{"name":"9f8bc765-e86c-4bf5-a631-536bc8771992","type":"action-button","col":13,"row":0,"colspan":2,"rowspan":1,"bounds":{"y":0,"x":36.11111111111111,"width":5.555555555555555,"height":2.941176470588235}}
{"name":"119775d1-a1d9-4d31-850a-35eda04cfd85","type":"action-button","col":17,"row":0,"colspan":2,"rowspan":1,"bounds":{"y":0,"x":47.22222222222222,"width":5.555555555555555,"height":2.941176470588235}}
{"name":"55f752c0-c281-4246-b64e-86d1ccad3b41","type":"action-button","col":32,"row":0,"colspan":2,"rowspan":1,"bounds":{"y":0,"x":88.88888888888889,"width":5.555555555555555,"height":2.941176470588235}}
{"name":"9f830808-91b5-4763-8301-30fb9df35de4","type":"action-button","col":21,"row":0,"colspan":2,"rowspan":1,"bounds":{"y":0,"x":58.333333333333336,"width":5.555555555555555,"height":2.941176470588235}}
{"name":"52b18c4a-5839-4ae7-bb7d-335258588ae2","type":"action-button","col":24,"row":0,"colspan":2,"rowspan":1,"bounds":{"y":0,"x":66.66666666666666,"width":5.555555555555555,"height":2.941176470588235}}
{"name":"6e0c8a78-33e3-41cd-a43d-d90abd7fb0d1","type":"action-button","col":26,"row":0,"colspan":2,"rowspan":1,"bounds":{"y":0,"x":72.22222222222221,"width":5.555555555555555,"height":2.941176470588235}}
{"name":"4c8f5073-9fcd-46c3-84d2-8ec6615b2f91","type":"action-button","col":28,"row":0,"colspan":2,"rowspan":1,"bounds":{"y":0,"x":77.77777777777779,"width":5.555555555555555,"height":2.941176470588235}}
{"name":"47c6d4a0-0e5e-44a9-959c-ee9ca167815f","type":"action-button","col":28,"row":14,"colspan":4,"rowspan":1,"bounds":{"y":41.17647058823529,"x":77.77777777777779,"width":11.11111111111111,"height":2.941176470588235}}
{"name":"19e440b5-f2df-437f-8bd2-1e8711d50a3f","type":"action-button","col":23,"row":0,"colspan":1,"rowspan":1,"bounds":{"y":0,"x":63.888888888888886,"width":2.7777777777777777,"height":2.941176470588235}}
{"name":"FfUj","type":"filterpane","col":0,"row":0,"colspan":4,"rowspan":10,"bounds":{"x":0,"y":0,"width":11.11111111111111,"height":29.41176470588235}}
{"name":"BHsPCk","type":"table","col":0,"row":22,"colspan":36,"rowspan":12,"bounds":{"y":64.70588235294117,"x":0,"width":100,"height":35.294117647058826}}
{"name":"nBHTP","type":"kpi","col":23,"row":1,"colspan":6,"rowspan":2,"bounds":{"x":63.888888888888886,"y":2.9411764705882355,"width":16.666666666666664,"height":5.882352941176471}}
{"name":"xSqsXb","type":"kpi","col":29,"row":1,"colspan":6,"rowspan":2,"bounds":{"x":80.55555555555556,"y":2.9411764705882355,"width":16.666666666666664,"height":5.882352941176471}}
{"name":"mmVkW","type":"action-button","col":19,"row":0,"colspan":2,"rowspan":1,"bounds":{"y":0,"x":52.77777777777778,"width":5.555555555555555,"height":2.941176470588235}}
{"name":"KjSqtJZ","type":"container","col":4,"row":5,"colspan":31,"rowspan":9,"bounds":{"x":11.11111111111111,"y":14.705882352941176,"width":86.11111111111111,"height":26.470588235294116}}
{"name":"FkrPJYe",