{"name":"bef4fe93-f7e9-47b2-9dbb-8d760dc9d1d8","type":"action-button","col":6,"row":0,"colspan":2,"rowspan":1,"bounds":{"x":16.666666666666664,"y":0,"width":5.555555555555555,"height":2.9411764705882355}}
