{"name":"bef4fe93-f7e9-47b2-9dbb-8d760dc9d1d8","type":"action-button","col":6,"row":0,"colspan":2,"rowspan":1,"bounds":{"x":16.666666666666664,"y":0,"width":5.555555555555555,"height":2.9411764705882355}}
{"name":"425b099d-da2f-4d4e-aeda-7178b5095e5a","type":"action-button","col":4,"row":0,"colspan":2,"rowspan":1,"bounds":{"x":11.11111111111111,"y":0,"width":5.555555555555555,"height":2.9411764705882355}}
{"name":"da16b2ca-73b7-4f6d-bb1e-aceb02a688a3","type":"action-button","col":9,"row":4,"colspan":7,"rowspan":1,"bounds":{"y":11.76470588235294,"x":25,"width":19.444444444444446,"height":2.941176470588235}}
{"name":"eEmMef","type":"action-button","col":16,"row":4,"colspan":7,"rowspan":1,"bounds":{"y":11.76470588235294,"x":44.44444444444444,"width":19.444444444444446,"height":2.941176470588235}}
{"name":"b4017036-3ab3-4f4c-9113-f7bf085847f9","type":"kpi","col":17,"row":1,"colspan":6,"rowspan":2,"bounds":{"x":47.22222222222222,"y":2.9411764705882355,"width":16.666666666666664,"height":5.882352941176471}}
{"name":"ngxmdP","type":"kpi","col":5,"row":1,"colspan":6,"rowspan":2,"bounds":{"x":13.88888888888889,"y":2.9411764705882355,"width":16.666666666666664,"height":5.882352941176471}}
{"name":"130f40d6-9f04-4b47-9ba7-9482c75baea9","type":"kpi","col":11,"row":1,"colspan":6,"rowspan":2,"bounds":{"x":30.555555555555557,"y":2.9411764705882355,"width":16.666666666666664,"height":5.882352941176471}}
{"name":"2d59fa25-b667-4aab-9f54-e07eed345780","type":"action-button","col":26,"row":3,"colspan":3,"rowspan":1,"bounds":{"x":72.22222222222221,"y":8.823529411764707,"width":8.333333333333332,"height":2.9411764705882355}}
{"name":"856be403-e441-4f8f-8503-b6a6b73834bb","type":"action-button","col":29,"row":3,"colspan":3,"rowspan":1,"bounds":{"x":80.55555555555556,"y":8.823529411764707,"width":8.333333333333332,"height":2.9411764705882355}}
{"name":"e46e1e95-703a-4ea6-9be7-72277eb463a1","type":"action-button","col":32,"row":3,"colspan":3,"rowspan":1,"bounds":{"x":88.88888888888889,"y":8.823529411764707,"width":8.333333333333332,"height":2.9411764705882355}}
{"name":"1a64786a-049c-4fac-8dce-3789e86a58f3","type":"qlik-date-picker","col":5,"row":3,"colspan":4,"rowspan":1,"bounds":{"x":13.88888888888889,"y":8.823529411764708,"width":11.11111111111111,"height":2.9411764705882355}}
{"name":"44fbd6df-fe88-444e-adff-a5d9146f3982","type":"action-button","col":0,"row":14,"colspan":4,"rowspan":1,"bounds":{"y":41.17647058823529,"x":0,"width":11.11111111111111,"height":2.941176470588235}}
{"name":"e9aa4464-4af7-4b5b-9638-678d61a83620","type":"action-button","col":4,"row":14,"colspan":4,"rowspan":1,"bounds":{"y":41.17647058823529,"x":11.11111111111111,"width":11.11111111111111,"height":2.941176470588235}}
{"name":"0cfc8ab3-81a7-4d8d-a16a-019657eda7fd","type":"action-button","col":12,"row":14,"colspan":4,"rowspan":1,"bounds":{"y":41.17647058823529,"x":33.33333333333333,"width":11.11111111111111,"height":2.941176470588235}}
{"name":"4a386c7d-be9e-4007-b480-386954344fe4","type":"action-button","col":16,"row":14,"colspan":4,"rowspan":1,"bounds":{"y":41.17647058823529,"x":44.44444444444444,"width":11.11111111111111,"height":2.941176470588235}}
{"name":"391c3dfe-fcf1-4ac1-9d31-e6de1ed54c6f","type":"action-button","col":20,"row":14,"colspan":4,"rowspan":1,"bounds":{"y":41.17647058823529,"x":55.55555555555556,"width":11.11111111111111,"height":2.941176470588235}}
{"name":"153f180a-6ba6-4367-8763-52af4e226d57","type":"action-button","col":24,"row":14,"colspan":4,"rowspan":1,"bounds":{"y":41.17647058823529,"x":66.66666666666666,"width":11.11111111111111,"height":2.941176470588235}}
{"name":"032d3bb6-6c4f-468b-8cd0-92c68314fe15","type":"container","col":1,"row":15,"colspan":20,"rowspan":7,"bounds":{"x":2.7777777777777777,"y":44.11764705882353,"width":55.55555555555556,"height":20.58823529411765}}
